name,email,password
Ana Silva,ana.silva1@example.com,Senha1@2025
Bruno Souza,bruno.souza2@example.com,Senha2@2025
Camila Oliveira,camila.oliveira3@example.com,Senha3@2025
Daniel Pereira,daniel.pereira4@example.com,Senha4@2025
Eduardo Costa,eduardo.costa5@example.com,Senha5@2025
Fernanda Rodrigues,fernanda.rodrigues6@example.com,Senha6@2025
Gabriela Almeida,gabriela.almeida7@example.com,Senha7@2025
Henrique Fernandes,henrique.fernandes8@example.com,Senha8@2025
Isabela Rocha,isabela.rocha9@example.com,Senha9@2025
Joao Martins,joao.martins10@example.com,Senha10@2025
Karina Gomes,karina.gomes11@example.com,Senha11@2025
Lucas Ribeiro,lucas.ribeiro12@example.com,Senha12@2025
Mariana Carvalho,mariana.carvalho13@example.com,Senha13@2025
Nicolas Lima,nicolas.lima14@example.com,Senha14@2025
Olivia Mendes,olivia.mendes15@example.com,Senha15@2025
Pedro Azevedo,pedro.azevedo16@example.com,Senha16@2025
Rafaela Barros,rafaela.barros17@example.com,Senha17@2025
Samuel Castro,samuel.castro18@example.com,Senha18@2025
Tatiana Freitas,tatiana.freitas19@example.com,Senha19@2025
Vinicius Nogueira,vinicius.nogueira20@example.com,Senha20@2025
Yasmin Pinto,yasmin.pinto21@example.com,Senha21@2025
Zeca Duarte,zeca.duarte22@example.com,Senha22@2025
Alicia Moraes,alicia.moraes23@example.com,Senha23@2025
Breno Teixeira,breno.teixeira24@example.com,Senha24@2025
Carla Farias,carla.farias25@example.com,Senha25@2025
Diego Lopes,diego.lopes26@example.com,Senha26@2025
Elisa Antunes,elisa.antunes27@example.com,Senha27@2025
Felipe Moreira,felipe.moreira28@example.com,Senha28@2025
Giovana Batista,giovana.batista29@example.com,Senha29@2025
Hugo Cardoso,hugo.cardoso30@example.com,Senha30@2025
Ingrid Santos,ingrid.santos31@example.com,Senha31@2025
Jorge Santana,jorge.santana32@example.com,Senha32@2025
Kelly Mendes,kelly.mendes33@example.com,Senha33@2025
Leandro Campos,leandro.campos34@example.com,Senha34@2025
Monica Ramos,monica.ramos35@example.com,Senha35@2025
Neto Vieira,neto.vieira36@example.com,Senha36@2025
Otavio Pinto,otavio.pinto37@example.com,Senha37@2025
Priscila Reis,priscila.reis38@example.com,Senha38@2025
Rafael Dias,rafael.dias39@example.com,Senha39@2025
Sabrina Monteiro,sabrina.monteiro40@example.com,Senha40@2025
Thiago Araujo,thiago.araujo41@example.com,Senha41@2025
Ursula Brito,ursula.brito42@example.com,Senha42@2025
Vagner Coelho,vagner.coelho43@example.com,Senha43@2025
Wanda Lima,wanda.lima44@example.com,Senha44@2025
Ximena Oliveira,ximena.oliveira45@example.com,Senha45@2025
Yuri Goncalves,yuri.goncalves46@example.com,Senha46@2025
Zoe Holanda,zoe.holanda47@example.com,Senha47@2025
Arthur Pires,arthur.pires48@example.com,Senha48@2025
Bianca Correia,bianca.correia49@example.com,Senha49@2025
Caio Monteiro,caio.monteiro50@example.com,Senha50@2025
